10.º;Artes;Desenho;Apropriação e reflexão
10.º;Artes;Desenho;Experimentação e criação
10.º;Artes;Desenho;Interpretação e comunicação
11.º;Artes;Desenho;Apropriação e reflexão
11.º;Artes;Desenho;Experimentação e criação
11.º;Artes;Desenho;Interpretação e comunicação
12.º;Artes;Desenho;Apropriação e reflexão
12.º;Artes;Desenho;Experimentação e criação
12.º;Artes;Desenho;Interpretação e comunicação
1.º;Artes;Educação Artística;Apropriação e reflexão
1.º;Artes;Educação Artística;Experimentação e criação
1.º;Artes;Educação Artística;Interpretação e comunicação
2.º;Artes;Educação Artística;Apropriação e reflexão
2.º;Artes;Educação Artística;Experimentação e criação
2.º;Artes;Educação Artística;Interpretação e comunicação
3.º;Artes;Educação Artística;Apropriação e reflexão
3.º;Artes;Educação Artística;Experimentação e criação
3.º;Artes;Educação Artística;Interpretação e comunicação
4.º;Artes;Educação Artística;Apropriação e reflexão
4.º;Artes;Educação Artística;Experimentação e criação
4.º;Artes;Educação Artística;Interpretação e comunicação
5.º;Artes;Educação Musical;Experimentação e criação
5.º;Artes;Educação Musical;Interpretação e comunicação
5.º;Artes;Educação Musical;Apropriação e reflexão
6.º;Artes;Educação Musical;Experimentação e criação
6.º;Artes;Educação Musical;Interpretação e comunicação
6.º;Artes;Educação Musical;Apropriação e reflexão
7.º;Artes;Educação Tecnológica;Discurso
7.º;Artes;Educação Tecnológica;Projeto
7.º;Artes;Educação Tecnológica;Representação
7.º;Artes;Educação Tecnológica;Técnica
8.º;Artes;Educação Tecnológica;Discurso
8.º;Artes;Educação Tecnológica;Projeto
8.º;Artes;Educação Tecnológica;Representação
8.º;Artes;Educação Tecnológica;Técnica
9.º;Artes;Educação Tecnológica;Discurso
9.º;Artes;Educação Tecnológica;Projeto
9.º;Artes;Educação Tecnológica;Representação
9.º;Artes;Educação Tecnológica;Técnica
7.º;Artes;Educação Visual;Discurso
7.º;Artes;Educação Visual;Projeto
7.º;Artes;Educação Visual;Representação
7.º;Artes;Educação Visual;Técnica
8.º;Artes;Educação Visual;Discurso
8.º;Artes;Educação Visual;Projeto
8.º;Artes;Educação Visual;Representação
8.º;Artes;Educação Visual;Técnica
9.º;Artes;Educação Visual;Discurso
9.º;Artes;Educação Visual;Projeto
9.º;Artes;Educação Visual;Representação
9.º;Artes;Educação Visual;Técnica
5.º;Artes;Educação Visual e Tecnológica;Comunicação
5.º;Artes;Educação Visual e Tecnológica;Energia
5.º;Artes;Educação Visual e Tecnológica;Espaço
5.º;Artes;Educação Visual e Tecnológica;Estrutura
5.º;Artes;Educação Visual e Tecnológica;Forma
5.º;Artes;Educação Visual e Tecnológica;Geometria
5.º;Artes;Educação Visual e Tecnológica;Luz / cor
5.º;Artes;Educação Visual e Tecnológica;Material
5.º;Artes;Educação Visual e Tecnológica;Medida
5.º;Artes;Educação Visual e Tecnológica;Movimento
5.º;Artes;Educação Visual e Tecnológica;Trabalho
6.º;Artes;Educação Visual e Tecnológica;Comunicação
6.º;Artes;Educação Visual e Tecnológica;Energia
6.º;Artes;Educação Visual e Tecnológica;Espaço
6.º;Artes;Educação Visual e Tecnológica;Estrutura
6.º;Artes;Educação Visual e Tecnológica;Forma
6.º;Artes;Educação Visual e Tecnológica;Geometria
6.º;Artes;Educação Visual e Tecnológica;Luz / cor
6.º;Artes;Educação Visual e Tecnológica;Material
6.º;Artes;Educação Visual e Tecnológica;Medida
6.º;Artes;Educação Visual e Tecnológica;Movimento
6.º;Artes;Educação Visual e Tecnológica;Trabalho
10.º;Artes;Geometria Descritiva;Introdução à Geometria Descritiva
10.º;Artes;Geometria Descritiva;Representação diédrica
11.º;Artes;Geometria Descritiva;Representação axonométrica
10.º;Artes;História e Cultura das Artes;A cultura da ágora
10.º;Artes;História e Cultura das Artes;A cultura da catedral
10.º;Artes;História e Cultura das Artes;A cultura do mosteiro
10.º;Artes;História e Cultura das Artes;A cultura do palácio
10.º;Artes;História e Cultura das Artes;A cultura do senado
10.º;Artes;História e Cultura das Artes;Criatividade e ruturas
11.º;Artes;História e Cultura das Artes;A cultura da gare
11.º;Artes;História e Cultura das Artes;A cultura do cinema
11.º;Artes;História e Cultura das Artes;A cultura do espaço virtual
11.º;Artes;História e Cultura das Artes;A cultura do palco
11.º;Artes;História e Cultura das Artes;A cultura do salão
12.º;Artes;Materiais e Tecnologias;Apropriação e reflexão
12.º;Artes;Materiais e Tecnologias;Experimentação e criação
12.º;Artes;Materiais e Tecnologias;Interpretação e comunicação
12.º;Artes;Oficina de Artes;Apropriação e reflexão
12.º;Artes;Oficina de Artes;Experimentação e criação
12.º;Artes;Oficina de Artes;Interpretação e comunicação
12.º;Artes;Oficina Multimedia;Animação
12.º;Artes;Oficina Multimedia;Imagem digital
12.º;Artes;Oficina Multimedia;Introdução ao multimédia digital
12.º;Artes;Oficina Multimedia;Narrativa para multimédia
12.º;Artes;Oficina Multimedia;Som digital
12.º;Artes;Oficina Multimedia;Texto
12.º;Artes;Oficina Multimedia;Vídeo
12.º;Ciências Económicas e Sociais;Antropologia;O que é a Antropologia?
12.º;Ciências Económicas e Sociais;Antropologia;Natureza e cultura
12.º;Ciências Económicas e Sociais;Antropologia;A construção das sociedades no mundo contemporâneo e na história
12.º;Ciências Económicas e Sociais;Antropologia;Formas de organização social
12.º;Ciências Económicas e Sociais;Antropologia;A construção cultural das sociedades
12.º;Ciências Económicas e Sociais;Antropologia;Formas de poder, dominação, resistência
12.º;Ciências Económicas e Sociais;Antropologia;A diversidade das culturas humanas no passado e no presente
12.º;Ciências Económicas e Sociais;Antropologia;A especificidade da antropologia como ciência
12.º;Ciências Económicas e Sociais;Antropologia;Evoluções humanas
12.º;Ciências Económicas e Sociais;Antropologia;A diversidade das culturas humanas
12.º;Ciências Económicas e Sociais;Antropologia;Corpos e géneros
1.º;Ciências Económicas e Sociais;Cidadania;A pessoa como agente ético-moral
1.º;Ciências Económicas e Sociais;Cidadania;Educação ambiental
1.º;Ciências Económicas e Sociais;Cidadania;Educação para a segurança
1.º;Ciências Económicas e Sociais;Cidadania;Direitos Humanos
1.º;Ciências Económicas e Sociais;Cidadania;Igualdade de género
1.º;Ciências Económicas e Sociais;Cidadania;Interculturalidade
1.º;Ciências Económicas e Sociais;Cidadania;Desenvolvimento sustentável
1.º;Ciências Económicas e Sociais;Cidadania;Educação ambiental
1.º;Ciências Económicas e Sociais;Cidadania;Saúde
1.º;Ciências Económicas e Sociais;Cidadania;Sexualidade
1.º;Ciências Económicas e Sociais;Cidadania;Instituições e participação democrática
1.º;Ciências Económicas e Sociais;Cidadania;Literacia financeira e educação para o consumo
1.º;Ciências Económicas e Sociais;Cidadania;Segurança rodoviária
1.º;Ciências Económicas e Sociais;Cidadania;Risco
1.º;Ciências Económicas e Sociais;Cidadania;Empreendedorismo
1.º;Ciências Económicas e Sociais;Cidadania;Mundo do trabalho
1.º;Ciências Económicas e Sociais;Cidadania;Segurança, defesa e paz
1.º;Ciências Económicas e Sociais;Cidadania;Bem-estar animal
1.º;Ciências Económicas e Sociais;Cidadania;Voluntariado
1.º;Ciências Económicas e Sociais;Cidadania;Outras de acordo com as necessidades
1.º;Ciências Económicas e Sociais;Cidadania;Media
2.º;Ciências Económicas e Sociais;Cidadania;A pessoa como agente ético-moral
2.º;Ciências Económicas e Sociais;Cidadania;Educação para os Direitos Humanos
2.º;Ciências Económicas e Sociais;Cidadania;Educação para a saúde
2.º;Ciências Económicas e Sociais;Cidadania;Educação ambiental
2.º;Ciências Económicas e Sociais;Cidadania;Educação para a segurança
2.º;Ciências Económicas e Sociais;Cidadania;Direitos Humanos
2.º;Ciências Económicas e Sociais;Cidadania;Igualdade de género
2.º;Ciências Económicas e Sociais;Cidadania;Interculturalidade
2.º;Ciências Económicas e Sociais;Cidadania;Desenvolvimento sustentável
2.º;Ciências Económicas e Sociais;Cidadania;Educação ambiental
2.º;Ciências Económicas e Sociais;Cidadania;Saúde
2.º;Ciências Económicas e Sociais;Cidadania;Sexualidade
2.º;Ciências Económicas e Sociais;Cidadania;Instituições e participação democrática
2.º;Ciências Económicas e Sociais;Cidadania;Literacia financeira e educação para o consumo
2.º;Ciências Económicas e Sociais;Cidadania;Segurança rodoviária
2.º;Ciências Económicas e Sociais;Cidadania;Risco
2.º;Ciências Económicas e Sociais;Cidadania;Empreendedorismo
2.º;Ciências Económicas e Sociais;Cidadania;Mundo do trabalho
2.º;Ciências Económicas e Sociais;Cidadania;Segurança, defesa e paz
2.º;Ciências Económicas e Sociais;Cidadania;Bem-estar animal
2.º;Ciências Económicas e Sociais;Cidadania;Voluntariado
2.º;Ciências Económicas e Sociais;Cidadania;Outras de acordo com as necessidades
2.º;Ciências Económicas e Sociais;Cidadania;Media
3.º;Ciências Económicas e Sociais;Cidadania;A pessoa como agente ético-moral
3.º;Ciências Económicas e Sociais;Cidadania;Educação para a saúde
3.º;Ciências Económicas e Sociais;Cidadania;Educação ambiental
3.º;Ciências Económicas e Sociais;Cidadania;Educação para o consumo
3.º;Ciências Económicas e Sociais;Cidadania;Educação para a sociedade da informação
3.º;Ciências Económicas e Sociais;Cidadania;Direitos Humanos
3.º;Ciências Económicas e Sociais;Cidadania;Igualdade de género
3.º;Ciências Económicas e Sociais;Cidadania;Interculturalidade
3.º;Ciências Económicas e Sociais;Cidadania;Desenvolvimento sustentável
3.º;Ciências Económicas e Sociais;Cidadania;Educação ambiental
3.º;Ciências Económicas e Sociais;Cidadania;Saúde
3.º;Ciências Económicas e Sociais;Cidadania;Sexualidade
3.º;Ciências Económicas e Sociais;Cidadania;Instituições e participação democrática
3.º;Ciências Económicas e Sociais;Cidadania;Literacia financeira e educação para o consumo
3.º;Ciências Económicas e Sociais;Cidadania;Segurança rodoviária
3.º;Ciências Económicas e Sociais;Cidadania;Risco
3.º;Ciências Económicas e Sociais;Cidadania;Empreendedorismo
3.º;Ciências Económicas e Sociais;Cidadania;Mundo do trabalho
3.º;Ciências Económicas e Sociais;Cidadania;Segurança, defesa e paz
3.º;Ciências Económicas e Sociais;Cidadania;Bem-estar animal
3.º;Ciências Económicas e Sociais;Cidadania;Voluntariado
3.º;Ciências Económicas e Sociais;Cidadania;Outras de acordo com as necessidades
3.º;Ciências Económicas e Sociais;Cidadania;Media
4.º;Ciências Económicas e Sociais;Cidadania;A pessoa como agente ético-moral
4.º;Ciências Económicas e Sociais;Cidadania;Educação para os Direitos Humanos
4.º;Ciências Económicas e Sociais;Cidadania;Educação ambiental
4.º;Ciências Económicas e Sociais;Cidadania;Educação para a preservação do património histórico-cultural
4.º;Ciências Económicas e Sociais;Cidadania;Educação para o empreendedorismo
4.º;Ciências Económicas e Sociais;Cidadania;Direitos Humanos
4.º;Ciências Económicas e Sociais;Cidadania;Igualdade de género
4.º;Ciências Económicas e Sociais;Cidadania;Interculturalidade
4.º;Ciências Económicas e Sociais;Cidadania;Desenvolvimento sustentável
4.º;Ciências Económicas e Sociais;Cidadania;Educação ambiental
4.º;Ciências Económicas e Sociais;Cidadania;Saúde
4.º;Ciências Económicas e Sociais;Cidadania;Sexualidade
4.º;Ciências Económicas e Sociais;Cidadania;Instituições e participação democrática
4.º;Ciências Económicas e Sociais;Cidadania;Literacia financeira e educação para o consumo
4.º;Ciências Económicas e Sociais;Cidadania;Segurança rodoviária
4.º;Ciências Económicas e Sociais;Cidadania;Risco
4.º;Ciências Económicas e Sociais;Cidadania;Empreendedorismo
4.º;Ciências Económicas e Sociais;Cidadania;Mundo do trabalho
4.º;Ciências Económicas e Sociais;Cidadania;Segurança, defesa e paz
4.º;Ciências Económicas e Sociais;Cidadania;Bem-estar animal
4.º;Ciências Económicas e Sociais;Cidadania;Voluntariado
4.º;Ciências Económicas e Sociais;Cidadania;Outras de acordo com as necessidades
4.º;Ciências Económicas e Sociais;Cidadania;Media
5.º;Ciências Económicas e Sociais;Cidadania;A pessoa como agente ético-moral
5.º;Ciências Económicas e Sociais;Cidadania;Educação para os Direitos Humanos
5.º;Ciências Económicas e Sociais;Cidadania;Educação para a saúde
5.º;Ciências Económicas e Sociais;Cidadania;Educação ambiental
5.º;Ciências Económicas e Sociais;Cidadania;Educação para a segurança
5.º;Ciências Económicas e Sociais;Cidadania;Educação para a sociedade da informação
5.º;Ciências Económicas e Sociais;Cidadania;Direitos Humanos
5.º;Ciências Económicas e Sociais;Cidadania;Igualdade de género
5.º;Ciências Económicas e Sociais;Cidadania;Interculturalidade
5.º;Ciências Económicas e Sociais;Cidadania;Desenvolvimento sustentável
5.º;Ciências Económicas e Sociais;Cidadania;Educação ambiental
5.º;Ciências Económicas e Sociais;Cidadania;Saúde
5.º;Ciências Económicas e Sociais;Cidadania;Sexualidade
5.º;Ciências Económicas e Sociais;Cidadania;Instituições e participação democrática
5.º;Ciências Económicas e Sociais;Cidadania;Literacia financeira e educação para o consumo
5.º;Ciências Económicas e Sociais;Cidadania;Segurança rodoviária
5.º;Ciências Económicas e Sociais;Cidadania;Risco
5.º;Ciências Económicas e Sociais;Cidadania;Empreendedorismo
5.º;Ciências Económicas e Sociais;Cidadania;Mundo do trabalho
5.º;Ciências Económicas e Sociais;Cidadania;Segurança, defesa e paz
5.º;Ciências Económicas e Sociais;Cidadania;Bem-estar animal
5.º;Ciências Económicas e Sociais;Cidadania;Voluntariado
5.º;Ciências Económicas e Sociais;Cidadania;Outras de acordo com as necessidades
5.º;Ciências Económicas e Sociais;Cidadania;Media
6.º;Ciências Económicas e Sociais;Cidadania;A pessoa como agente ético-moral
6.º;Ciências Económicas e Sociais;Cidadania;Educação para os Direitos Humanos
6.º;Ciências Económicas e Sociais;Cidadania;Educação para a saúde
6.º;Ciências Económicas e Sociais;Cidadania;Educação ambiental
6.º;Ciências Económicas e Sociais;Cidadania;Educação para a segurança
6.º;Ciências Económicas e Sociais;Cidadania;Educação para o consumo
6.º;Ciências Económicas e Sociais;Cidadania;Educação para o empreendedorismo
6.º;Ciências Económicas e Sociais;Cidadania;Direitos Humanos
6.º;Ciências Económicas e Sociais;Cidadania;Igualdade de género
6.º;Ciências Económicas e Sociais;Cidadania;Interculturalidade
6.º;Ciências Económicas e Sociais;Cidadania;Desenvolvimento sustentável
6.º;Ciências Económicas e Sociais;Cidadania;Educação ambiental
6.º;Ciências Económicas e Sociais;Cidadania;Saúde
6.º;Ciências Económicas e Sociais;Cidadania;Sexualidade
6.º;Ciências Económicas e Sociais;Cidadania;Instituições e participação democrática
6.º;Ciências Económicas e Sociais;Cidadania;Literacia financeira e educação para o consumo
6.º;Ciências Económicas e Sociais;Cidadania;Segurança rodoviária
6.º;Ciências Económicas e Sociais;Cidadania;Risco
6.º;Ciências Económicas e Sociais;Cidadania;Empreendedorismo
6.º;Ciências Económicas e Sociais;Cidadania;Mundo do trabalho
6.º;Ciências Económicas e Sociais;Cidadania;Segurança, defesa e paz
6.º;Ciências Económicas e Sociais;Cidadania;Bem-estar animal
6.º;Ciências Económicas e Sociais;Cidadania;Voluntariado
6.º;Ciências Económicas e Sociais;Cidadania;Outras de acordo com as necessidades
6.º;Ciências Económicas e Sociais;Cidadania;Media
7.º;Ciências Económicas e Sociais;Cidadania;A pessoa como agente ético-moral
7.º;Ciências Económicas e Sociais;Cidadania;Educação para os Direitos Humanos
7.º;Ciências Económicas e Sociais;Cidadania;Educação para a saúde
7.º;Ciências Económicas e Sociais;Cidadania;Educação ambiental
7.º;Ciências Económicas e Sociais;Cidadania;Educação para a segurança
7.º;Ciências Económicas e Sociais;Cidadania;Educação para o consumo
7.º;Ciências Económicas e Sociais;Cidadania;Educação para a sociedade da informação
7.º;Ciências Económicas e Sociais;Cidadania;Educação para a preservação do património histórico-cultural
7.º;Ciências Económicas e Sociais;Cidadania;Direitos Humanos
7.º;Ciências Económicas e Sociais;Cidadania;Igualdade de género
7.º;Ciências Económicas e Sociais;Cidadania;Interculturalidade
7.º;Ciências Económicas e Sociais;Cidadania;Desenvolvimento sustentável
7.º;Ciências Económicas e Sociais;Cidadania;Educação ambiental
7.º;Ciências Económicas e Sociais;Cidadania;Saúde
7.º;Ciências Económicas e Sociais;Cidadania;Sexualidade
7.º;Ciências Económicas e Sociais;Cidadania;Instituições e participação democrática
7.º;Ciências Económicas e Sociais;Cidadania;Literacia financeira e educação para o consumo
7.º;Ciências Económicas e Sociais;Cidadania;Segurança rodoviária
7.º;Ciências Económicas e Sociais;Cidadania;Risco
7.º;Ciências Económicas e Sociais;Cidadania;Empreendedorismo
7.º;Ciências Económicas e Sociais;Cidadania;Mundo do trabalho
7.º;Ciências Económicas e Sociais;Cidadania;Segurança, defesa e paz
7.º;Ciências Económicas e Sociais;Cidadania;Bem-estar animal
7.º;Ciências Económicas e Sociais;Cidadania;Voluntariado
7.º;Ciências Económicas e Sociais;Cidadania;Outras de acordo com as necessidades
7.º;Ciências Económicas e Sociais;Cidadania;Media
8.º;Ciências Económicas e Sociais;Cidadania;A pessoa como agente ético-moral
8.º;Ciências Económicas e Sociais;Cidadania;Educação para os Direitos Humanos
8.º;Ciências Económicas e Sociais;Cidadania;Educação para a saúde
8.º;Ciências Económicas e Sociais;Cidadania;Educação ambiental
8.º;Ciências Económicas e Sociais;Cidadania;Educação para a segurança
8.º;Ciências Económicas e Sociais;Cidadania;Direitos Humanos
8.º;Ciências Económicas e Sociais;Cidadania;Igualdade de género
8.º;Ciências Económicas e Sociais;Cidadania;Interculturalidade
8.º;Ciências Económicas e Sociais;Cidadania;Desenvolvimento sustentável
8.º;Ciências Económicas e Sociais;Cidadania;Educação ambiental
8.º;Ciências Económicas e Sociais;Cidadania;Saúde
8.º;Ciências Económicas e Sociais;Cidadania;Sexualidade
8.º;Ciências Económicas e Sociais;Cidadania;Instituições e participação democrática
8.º;Ciências Económicas e Sociais;Cidadania;Literacia financeira e educação para o consumo
8.º;Ciências Económicas e Sociais;Cidadania;Segurança rodoviária
8.º;Ciências Económicas e Sociais;Cidadania;Risco
8.º;Ciências Económicas e Sociais;Cidadania;Empreendedorismo
8.º;Ciências Económicas e Sociais;Cidadania;Mundo do trabalho
8.º;Ciências Económicas e Sociais;Cidadania;Segurança, defesa e paz
8.º;Ciências Económicas e Sociais;Cidadania;Bem-estar animal
8.º;Ciências Económicas e Sociais;Cidadania;Voluntariado
8.º;Ciências Económicas e Sociais;Cidadania;Outras de acordo com as necessidades
8.º;Ciências Económicas e Sociais;Cidadania;Media
9.º;Ciências Económicas e Sociais;Cidadania;A pessoa como agente ético-moral
9.º;Ciências Económicas e Sociais;Cidadania;Educação para os Direitos Humanos
9.º;Ciências Económicas e Sociais;Cidadania;Educação para a saúde
9.º;Ciências Económicas e Sociais;Cidadania;Educação para o empreendedorismo
9.º;Ciências Económicas e Sociais;Cidadania;Questões éticas da atualidade
9.º;Ciências Económicas e Sociais;Cidadania;Direitos Humanos
9.º;Ciências Económicas e Sociais;Cidadania;Igualdade de género
9.º;Ciências Económicas e Sociais;Cidadania;Interculturalidade
9.º;Ciências Económicas e Sociais;Cidadania;Desenvolvimento sustentável
9.º;Ciências Económicas e Sociais;Cidadania;Educação ambiental
9.º;Ciências Económicas e Sociais;Cidadania;Saúde
9.º;Ciências Económicas e Sociais;Cidadania;Sexualidade
9.º;Ciências Económicas e Sociais;Cidadania;Instituições e participação democrática
9.º;Ciências Económicas e Sociais;Cidadania;Literacia financeira e educação para o consumo
9.º;Ciências Económicas e Sociais;Cidadania;Segurança rodoviária
9.º;Ciências Económicas e Sociais;Cidadania;Risco
9.º;Ciências Económicas e Sociais;Cidadania;Empreendedorismo
9.º;Ciências Económicas e Sociais;Cidadania;Segurança, defesa e paz
9.º;Ciências Económicas e Sociais;Cidadania;Segurança, defesa e paz
9.º;Ciências Económicas e Sociais;Cidadania;Bem-estar animal
9.º;Ciências Económicas e Sociais;Cidadania;Voluntariado
9.º;Ciências Económicas e Sociais;Cidadania;Outras de acordo com as necessidades
9.º;Ciências Económicas e Sociais;Cidadania;Media
Pré-escolar;Ciências Económicas e Sociais;Cidadania;A pessoa como agente ético-moral
Pré-escolar;Ciências Económicas e Sociais;Cidadania;Educação para os Direitos Humanos
Pré-escolar;Ciências Económicas e Sociais;Cidadania;Educação para a saúde
Pré-escolar;Ciências Económicas e Sociais;Cidadania;Educação ambiental
Pré-escolar;Ciências Económicas e Sociais;Cidadania;Educação para a segurança
Pré-escolar;Ciências Económicas e Sociais;Cidadania;Educação para o consumo
Pré-escolar;Ciências Económicas e Sociais;Cidadania;Educação para a preservação do património histórico-cultural
10.º;Ciências Económicas e Sociais;Cidadania e Desenvolvimento;Direitos Humanos
10.º;Ciências Económicas e Sociais;Cidadania e Desenvolvimento;Igualdade de género
10.º;Ciências Económicas e Sociais;Cidadania e Desenvolvimento;Interculturalidade
10.º;Ciências Económicas e Sociais;Cidadania e Desenvolvimento;Desenvolvimento sustentável
10.º;Ciências Económicas e Sociais;Cidadania e Desenvolvimento;Educação ambiental
10.º;Ciências Económicas e Sociais;Cidadania e Desenvolvimento;Saúde
10.º;Ciências Económicas e Sociais;Cidadania e Desenvolvimento;Sexualidade
10.º;Ciências Económicas e Sociais;Cidadania e Desenvolvimento;Media
10.º;Ciências Económicas e Sociais;Cidadania e Desenvolvimento;Instituições e participação democrática
10.º;Ciências Económicas e Sociais;Cidadania e Desenvolvimento;Literacia financeira e educação para o consumo
10.º;Ciências Económicas e Sociais;Cidadania e Desenvolvimento;Segurança rodoviária
10.º;Ciências Económicas e Sociais;Cidadania e Desenvolvimento;Risco
10.º;Ciências Económicas e Sociais;Cidadania e Desenvolvimento;Empreendedorismo
10.º;Ciências Económicas e Sociais;Cidadania e Desenvolvimento;Mundo do trabalho
10.º;Ciências Económicas e Sociais;Cidadania e Desenvolvimento;Segurança, defesa e paz
10.º;Ciências Económicas e Sociais;Cidadania e Desenvolvimento;Bem-estar animal
10.º;Ciências Económicas e Sociais;Cidadania e Desenvolvimento;Voluntariado
10.º;Ciências Económicas e Sociais;Cidadania e Desenvolvimento;Outras de acordo com as necessidades
11.º;Ciências Económicas e Sociais;Cidadania e Desenvolvimento;Direitos Humanos
11.º;Ciências Económicas e Sociais;Cidadania e Desenvolvimento;Igualdade de género
11.º;Ciências Económicas e Sociais;Cidadania e Desenvolvimento;Interculturalidade
11.º;Ciências Económicas e Sociais;Cidadania e Desenvolvimento;Desenvolvimento sustentável
11.º;Ciências Económicas e Sociais;Cidadania e Desenvolvimento;Educação ambiental
11.º;Ciências Económicas e Sociais;Cidadania e Desenvolvimento;Saúde
11.º;Ciências Económicas e Sociais;Cidadania e Desenvolvimento;Sexualidade
11.º;Ciências Económicas e Sociais;Cidadania e Desenvolvimento;Media
11.º;Ciências Económicas e Sociais;Cidadania e Desenvolvimento;Instituições e participação democrática
11.º;Ciências Económicas e Sociais;Cidadania e Desenvolvimento;Literacia financeira e educação para o consumo
11.º;Ciências Económicas e Sociais;Cidadania e Desenvolvimento;Segurança rodoviária
11.º;Ciências Económicas e Sociais;Cidadania e Desenvolvimento;Risco
11.º;Ciências Económicas e Sociais;Cidadania e Desenvolvimento;Empreendedorismo
11.º;Ciências Económicas e Sociais;Cidadania e Desenvolvimento;Mundo do trabalho
11.º;Ciências Económicas e Sociais;Cidadania e Desenvolvimento;Segurança, defesa e paz
11.º;Ciências Económicas e Sociais;Cidadania e Desenvolvimento;Bem-estar animal
11.º;Ciências Económicas e Sociais;Cidadania e Desenvolvimento;Voluntariado
11.º;Ciências Económicas e Sociais;Cidadania e Desenvolvimento;Outras de acordo com as necessidades
12.º;Ciências Económicas e Sociais;Cidadania e Desenvolvimento;Direitos Humanos
12.º;Ciências Económicas e Sociais;Cidadania e Desenvolvimento;Igualdade de género
12.º;Ciências Económicas e Sociais;Cidadania e Desenvolvimento;Interculturalidade
12.º;Ciências Económicas e Sociais;Cidadania e Desenvolvimento;Desenvolvimento sustentável
12.º;Ciências Económicas e Sociais;Cidadania e Desenvolvimento;Educação ambiental
12.º;Ciências Económicas e Sociais;Cidadania e Desenvolvimento;Saúde
12.º;Ciências Económicas e Sociais;Cidadania e Desenvolvimento;Sexualidade
12.º;Ciências Económicas e Sociais;Cidadania e Desenvolvimento;Media
12.º;Ciências Económicas e Sociais;Cidadania e Desenvolvimento;Instituições e participação democrática
12.º;Ciências Económicas e Sociais;Cidadania e Desenvolvimento;Literacia financeira e educação para o consumo
12.º;Ciências Económicas e Sociais;Cidadania e Desenvolvimento;Segurança rodoviária
12.º;Ciências Económicas e Sociais;Cidadania e Desenvolvimento;Risco
12.º;Ciências Económicas e Sociais;Cidadania e Desenvolvimento;Empreendedorismo
12.º;Ciências Económicas e Sociais;Cidadania e Desenvolvimento;Mundo do trabalho
12.º;Ciências Económicas e Sociais;Cidadania e Desenvolvimento;Segurança, defesa e paz
12.º;Ciências Económicas e Sociais;Cidadania e Desenvolvimento;Bem-estar animal
12.º;Ciências Económicas e Sociais;Cidadania e Desenvolvimento;Voluntariado
12.º;Ciências Económicas e Sociais;Cidadania e Desenvolvimento;Outras de acordo com as necessidades
12.º;Ciências Económicas e Sociais;Ciência Política;As ideias políticas no quadro do Estado moderno
12.º;Ciências Económicas e Sociais;Ciência Política;Questões relativas à organização do Estado
12.º;Ciências Económicas e Sociais;Ciência Política;Temas / problemas políticos do Mundo contemporâneo
12.º;Ciências Económicas e Sociais;Direito;O Homem, a sociedade e o Direito
12.º;Ciências Económicas e Sociais;Direito;O Direito e a organização da sociedade
12.º;Ciências Económicas e Sociais;Direito;A comunidade internacional
12.º;Ciências Económicas e Sociais;Direito;As fontes do Direito
12.º;Ciências Económicas e Sociais;Direito;A relação jurídica
12.º;Ciências Económicas e Sociais;Direito;A prática do Direito
12.º;Ciências Económicas e Sociais;Direito;As profissões jurídicas e parajurídicas
10.º;Ciências Económicas e Sociais;Economia A;A Economia e as atividades económicas
10.º;Ciências Económicas e Sociais;Economia A;A repartição e a utilização dos rendimentos
10.º;Ciências Económicas e Sociais;Economia A;O funcionamento da atividade económica
10.º;Ciências Económicas e Sociais;Economia A;A atividade económica e a ciência económica
10.º;Ciências Económicas e Sociais;Economia A;Necessidades e consumo
10.º;Ciências Económicas e Sociais;Economia A;A produção de bens e de serviços
10.º;Ciências Económicas e Sociais;Economia A;Preços e mercados
10.º;Ciências Económicas e Sociais;Economia A;Moeda e inflação
10.º;Ciências Económicas e Sociais;Economia A;Rendimentos e distribuição dos rendimentos
10.º;Ciências Económicas e Sociais;Economia A;Utilização dos rendimentos
11.º;Ciências Económicas e Sociais;Economia A;A contabilização da atividade económica e o registo das relações com o resto do Mundo
11.º;Ciências Económicas e Sociais;Economia A;A organização económica das sociedades
11.º;Ciências Económicas e Sociais;Economia A;A economia portuguesa no contexto da União Europeia
11.º;Ciências Económicas e Sociais;Economia A;Os agentes económicos e o circuito económico
11.º;Ciências Económicas e Sociais;Economia A;A contabilidade nacional
11.º;Ciências Económicas e Sociais;Economia A;As relações económicas com o resto do mundo
11.º;Ciências Económicas e Sociais;Economia A;A intervenção do Estado na economia
1.º;Ciências Económicas e Sociais;Estudo do Meio;À descoberta de si mesmo
1.º;Ciências Económicas e Sociais;Estudo do Meio;À descoberta dos outros e das instituições
1.º;Ciências Económicas e Sociais;Estudo do Meio;À descoberta das inter-relações entre espaços
1.º;Ciências Económicas e Sociais;Estudo do Meio;Sociedade
1.º;Ciências Económicas e Sociais;Estudo do Meio;Sociedade / Natureza / Tecnologia
2.º;Ciências Económicas e Sociais;Estudo do Meio;À descoberta de si mesmo
2.º;Ciências Económicas e Sociais;Estudo do Meio;À descoberta dos outros e das instituições
2.º;Ciências Económicas e Sociais;Estudo do Meio;À descoberta das inter-relações entre espaços
2.º;Ciências Económicas e Sociais;Estudo do Meio;Sociedade
2.º;Ciências Económicas e Sociais;Estudo do Meio;Sociedade / Natureza / Tecnologia
3.º;Ciências Económicas e Sociais;Estudo do Meio;À descoberta de si mesmo
3.º;Ciências Económicas e Sociais;Estudo do Meio;À descoberta dos outros e das instituições
3.º;Ciências Económicas e Sociais;Estudo do Meio;À descoberta das inter-relações entre espaços
3.º;Ciências Económicas e Sociais;Estudo do Meio;Sociedade
3.º;Ciências Económicas e Sociais;Estudo do Meio;Sociedade / Natureza / Tecnologia
4.º;Ciências Económicas e Sociais;Estudo do Meio;À descoberta de si mesmo
4.º;Ciências Económicas e Sociais;Estudo do Meio;À descoberta dos outros e das instituições
4.º;Ciências Económicas e Sociais;Estudo do Meio;À descoberta das inter-relações entre espaços
4.º;Ciências Económicas e Sociais;Estudo do Meio;Sociedade
4.º;Ciências Económicas e Sociais;Estudo do Meio;Sociedade / Natureza / Tecnologia
10.º;Ciências Económicas e Sociais;Filosofia;Iniciação à atividade filosófica
10.º;Ciências Económicas e Sociais;Filosofia;A ação humana e os valores
10.º;Ciências Económicas e Sociais;Filosofia;Abordagem introdutória à Filosofia a ao filosofar
11.º;Ciências Económicas e Sociais;Filosofia;Racionalidade argumentativa e Filosofia
11.º;Ciências Económicas e Sociais;Filosofia;O conhecimento e a racionalidade científica e tecnológica
11.º;Ciências Económicas e Sociais;Filosofia;Desafios e horizontes da Filosofia
7.º;Ciências Económicas e Sociais;Geografia;A Terra: estudos e representações
7.º;Ciências Económicas e Sociais;Geografia;O meio natural
8.º;Ciências Económicas e Sociais;Geografia;População e povoamento
8.º;Ciências Económicas e Sociais;Geografia;Atividades económicas
9.º;Ciências Económicas e Sociais;Geografia;Contrastes de desenvolvimento
9.º;Ciências Económicas e Sociais;Geografia;Riscos, ambiente e sociedade
9.º;Ciências Económicas e Sociais;Geografia;Ambiente e sociedade
10.º;Ciências Económicas e Sociais;Geografia A;Módulo inicial - a posição de Portugal na Europa e no Mundo
10.º;Ciências Económicas e Sociais;Geografia A;A população, utilizadora de recursos e organizadora de espaços
10.º;Ciências Económicas e Sociais;Geografia A;Os recursos naturais de que a população dispõe: usos, limites e potencialidades
10.º;Ciências Económicas e Sociais;Geografia A;Módulo inicial
10.º;Ciências Económicas e Sociais;Geografia A;A população
10.º;Ciências Económicas e Sociais;Geografia A;Os recursos naturais
11.º;Ciências Económicas e Sociais;Geografia A;Os espaços organizados pela população
11.º;Ciências Económicas e Sociais;Geografia A;A população, como se movimenta e como comunica
11.º;Ciências Económicas e Sociais;Geografia A;A integração de Portugal na União Europeia: novos desafios, novas oportunidades
7.º;Ciências Económicas e Sociais;História;Das sociedades recoletoras às primeiras civilizações
7.º;Ciências Económicas e Sociais;História;A herança do Mediterrâneo antigo
7.º;Ciências Económicas e Sociais;História;A formação da cristandade ocidental e a expansão islâmica
7.º;Ciências Económicas e Sociais;História;Portugal no contexto europeu dos séculos XII a XIV
8.º;Ciências Económicas e Sociais;História;Expansão e mudança nos séculos XV e XVI
8.º;Ciências Económicas e Sociais;História;Portugal no contexto europeu dos séculos XVII e XVIII
8.º;Ciências Económicas e Sociais;História;As transformações do mundo atlântico: crescimento e ruturas
8.º;Ciências Económicas e Sociais;História;Crescimento e ruturas no mundo ocidental nos séculos XVIII e XIX
8.º;Ciências Económicas e Sociais;História;A civilização industrial no século XIX
8.º;Ciências Económicas e Sociais;História;O mundo industrializado no século XIX
9.º;Ciências Económicas e Sociais;História;A Europa e o mundo no limiar do século XX
9.º;Ciências Económicas e Sociais;História;Da grande depressão à 2.ª Guerra Mundial
9.º;Ciências Económicas e Sociais;História;Do segundo pós-guerra aos anos 80
9.º;Ciências Económicas e Sociais;História;Os desafios culturais do nosso tempo
9.º;Ciências Económicas e Sociais;História;Do segundo pós-guerra aos desafios do nosso tempo
10.º;Ciências Económicas e Sociais;História A;Raízes mediterrânicas da civilização europeia – cidade, cidadania e império na antiguidade clássica
10.º;Ciências Económicas e Sociais;História A;O dinamismo civilizacional da Europa ocidental nos séculos XIII e XIV – espaços, poderes e vivências
10.º;Ciências Económicas e Sociais;História A;A abertura europeia ao Mundo – mutações nos conhecimentos, sensibilidades e valores nos séculos XV e XVI
11.º;Ciências Económicas e Sociais;História A;A Europa nos séculos XVII e XVIII – sociedade, poder e dinâmicas coloniais
11.º;Ciências Económicas e Sociais;História A;O Liberalismo – ideologia e revolução, modelos e práticas nos séculos XVIII e XIX
11.º;Ciências Económicas e Sociais;História A;"A civilização industrial – economia e sociedade; nacionalismos e choques imperialistas"
12.º;Ciências Económicas e Sociais;História A;Crises, embates ideológicos e mutações culturais na primeira metade do século XX
12.º;Ciências Económicas e Sociais;História A;Portugal e o Mundo da segunda guerra mundial ao início da década de 80 – opções internas e contexto internacional
12.º;Ciências Económicas e Sociais;História A;Alterações geoestratégicas, tensões políticas e transformações socioculturais no Mundo atual
10.º;Ciências Económicas e Sociais;História B;Dinamismos económicos da Europa nos séculos XVI a XVIII
10.º;Ciências Económicas e Sociais;História B;Do antigo regime à afirmação do Liberalismo
10.º;Ciências Económicas e Sociais;História B;"A civilização industrial – economia e sociedade; nacionalismos e choques imperialistas"
11.º;Ciências Económicas e Sociais;História B;Crises, embates ideológicos e mutações culturais na primeira metade do século XX
11.º;Ciências Económicas e Sociais;História B;Portugal e o Mundo da Segunda Guerra Mundial ao início da década de 80 – opções internas e contexto internacional
11.º;Ciências Económicas e Sociais;História B;Alterações geoestratégicas, tensões políticas e transformações socioculturais no Mundo atual
5.º;Ciências Económicas e Sociais;História e Geografia de Portugal;A Península Ibérica: localização e quadro natural
5.º;Ciências Económicas e Sociais;História e Geografia de Portugal;A Península Ibérica: dos primeiros povos à formação de Portugal (século XII)
5.º;Ciências Económicas e Sociais;História e Geografia de Portugal;Portugal do século XIII ao século XVII
6.º;Ciências Económicas e Sociais;História e Geografia de Portugal;Portugal do século XVIII ao século XIX
6.º;Ciências Económicas e Sociais;História e Geografia de Portugal;Portugal do século XX
6.º;Ciências Económicas e Sociais;História e Geografia de Portugal;Portugal Hoje
12.º;Ciências Económicas e Sociais;Psicologia B;Processos biológicos
12.º;Ciências Económicas e Sociais;Psicologia B;Processos mentais
12.º;Ciências Económicas e Sociais;Psicologia B;Processos sociais
12.º;Ciências Económicas e Sociais;Psicologia B;Perspetivas do desenvolvimento humano
12.º;Ciências Físicas e Naturais;Biologia;Reprodução e manipulação da fertilidade
12.º;Ciências Físicas e Naturais;Biologia;Património genético
12.º;Ciências Físicas e Naturais;Biologia;Imunidade e controlo de doenças
12.º;Ciências Físicas e Naturais;Biologia;Produção de alimentos e sustentabilidade
12.º;Ciências Físicas e Naturais;Biologia;Preservar e recuperar o ambiente
10.º;Ciências Físicas e Naturais;Biologia e Geologia;Geologia e métodos
10.º;Ciências Físicas e Naturais;Biologia e Geologia;Estrutura e dinâmica da geosfera
10.º;Ciências Físicas e Naturais;Biologia e Geologia;Biodiversidade
10.º;Ciências Físicas e Naturais;Biologia e Geologia;Obtenção de matéria
10.º;Ciências Físicas e Naturais;Biologia e Geologia;Distribuição de matéria
10.º;Ciências Físicas e Naturais;Biologia e Geologia;Transformação e utilização de energia pelos seres vivos
11.º;Ciências Físicas e Naturais;Biologia e Geologia;Crescimento, renovação e diferenciação celular
11.º;Ciências Físicas e Naturais;Biologia e Geologia;Reprodução
11.º;Ciências Físicas e Naturais;Biologia e Geologia;Evolução biológica
11.º;Ciências Físicas e Naturais;Biologia e Geologia;Sistemática dos seres vivos
11.º;Ciências Físicas e Naturais;Biologia e Geologia;Sedimentação e rochas sedimentares
11.º;Ciências Físicas e Naturais;Biologia e Geologia;Magmatismo e rochas magmáticas
11.º;Ciências Físicas e Naturais;Biologia e Geologia;Deformação de rochas
11.º;Ciências Físicas e Naturais;Biologia e Geologia;Metamorfismo e rochas metamórficas
11.º;Ciências Físicas e Naturais;Biologia e Geologia;Exploração sustentada de recursos geológicos
5.º;Ciências Físicas e Naturais;Ciências Naturais;A água, o ar, as rochas e o solo - materiais terrestres
5.º;Ciências Físicas e Naturais;Ciências Naturais;Diversidade de seres vivos e suas interações com o meio
5.º;Ciências Físicas e Naturais;Ciências Naturais;Universidade na diversidade de seres vivos
6.º;Ciências Físicas e Naturais;Ciências Naturais;Processos vitais comuns aos seres vivos
6.º;Ciências Físicas e Naturais;Ciências Naturais;Agressões do meio e integridade do organismo
7.º;Ciências Físicas e Naturais;Ciências Naturais;Terra em transformação – dinâmica externa da Terra
7.º;Ciências Físicas e Naturais;Ciências Naturais;Terra em transformação – estrutura e dinâmica interna da Terra
7.º;Ciências Físicas e Naturais;Ciências Naturais;Terra em transformação – consequências da dinâmica interna da Terra
7.º;Ciências Físicas e Naturais;Ciências Naturais;Terra em transformação – ciência geológica e sustentabilidade da vida na Terra
7.º;Ciências Físicas e Naturais;Ciências Naturais;Terra em transformação – a Terra conta a sua história
8.º;Ciências Físicas e Naturais;Ciências Naturais;Terra, um planeta com vida – sistema Terra: da célula à biodiversidade
8.º;Ciências Físicas e Naturais;Ciências Naturais;Sustentabilidade na terra – ecossistemas
8.º;Ciências Físicas e Naturais;Ciências Naturais;Sustentabilidade na terra – gestão sustentável dos recursos
9.º;Ciências Físicas e Naturais;Ciências Naturais;Viver melhor na terra – saúde individual e comunitária
9.º;Ciências Físicas e Naturais;Ciências Naturais;Viver melhor na terra – organismo humano em equilíbrio
9.º;Ciências Físicas e Naturais;Ciências Naturais;Viver melhor na terra – transmissão da vida
1.º;Ciências Físicas e Naturais;Estudo do Meio;À descoberta do ambiente natural
1.º;Ciências Físicas e Naturais;Estudo do Meio;À descoberta dos materiais e objetos
1.º;Ciências Físicas e Naturais;Estudo do Meio;Natureza
1.º;Ciências Físicas e Naturais;Estudo do Meio;Tecnologia
1.º;Ciências Físicas e Naturais;Estudo do Meio;Sociedade / Natureza / Tecnologia
2.º;Ciências Físicas e Naturais;Estudo do Meio;À descoberta do ambiente natural
2.º;Ciências Físicas e Naturais;Estudo do Meio;À descoberta dos materiais e objetos
2.º;Ciências Físicas e Naturais;Estudo do Meio;Natureza
2.º;Ciências Físicas e Naturais;Estudo do Meio;Tecnologia
2.º;Ciências Físicas e Naturais;Estudo do Meio;Sociedade / Natureza / Tecnologia
3.º;Ciências Físicas e Naturais;Estudo do Meio;À descoberta do ambiente natural
3.º;Ciências Físicas e Naturais;Estudo do Meio;À descoberta dos materiais e objetos
3.º;Ciências Físicas e Naturais;Estudo do Meio;Natureza
3.º;Ciências Físicas e Naturais;Estudo do Meio;Tecnologia
3.º;Ciências Físicas e Naturais;Estudo do Meio;Sociedade / Natureza / Tecnologia
4.º;Ciências Físicas e Naturais;Estudo do Meio;À descoberta do ambiente natural
4.º;Ciências Físicas e Naturais;Estudo do Meio;À descoberta dos materiais e objetos
4.º;Ciências Físicas e Naturais;Estudo do Meio;Natureza
4.º;Ciências Físicas e Naturais;Estudo do Meio;Tecnologia
4.º;Ciências Físicas e Naturais;Estudo do Meio;Sociedade / Natureza / Tecnologia
12.º;Ciências Físicas e Naturais;Física;Mecânica
12.º;Ciências Físicas e Naturais;Física;Campos de forças
12.º;Ciências Físicas e Naturais;Física;Física moderna
10.º;Ciências Físicas e Naturais;Física e Química A;Elementos químicos e sua organização
10.º;Ciências Físicas e Naturais;Física e Química A;Propriedades e transformações da matéria
10.º;Ciências Físicas e Naturais;Física e Química A;Energia e sua conservação
11.º;Ciências Físicas e Naturais;Física e Química A;Mecânica
11.º;Ciências Físicas e Naturais;Física e Química A;Ondas e eletromagnetismo
11.º;Ciências Físicas e Naturais;Física e Química A;Equilíbrio químico
11.º;Ciências Físicas e Naturais;Física e Química A;Reações em sistemas aquosos
7.º;Ciências Físicas e Naturais;Físico-Química;Energia
7.º;Ciências Físicas e Naturais;Físico-Química;Espaço
7.º;Ciências Físicas e Naturais;Físico-Química;Materiais
8.º;Ciências Físicas e Naturais;Físico-Química;Luz
8.º;Ciências Físicas e Naturais;Físico-Química;Reações químicas
8.º;Ciências Físicas e Naturais;Físico-Química;Som
9.º;Ciências Físicas e Naturais;Físico-Química;Classificação dos materiais
9.º;Ciências Físicas e Naturais;Físico-Química;Eletricidade
9.º;Ciências Físicas e Naturais;Físico-Química;Movimentos e forças
12.º;Ciências Físicas e Naturais;Geologia;Da teoria da deriva dos continentes à teoria da tectónica de placas
12.º;Ciências Físicas e Naturais;Geologia;A história da Terra e da vida
12.º;Ciências Físicas e Naturais;Geologia;A Terra ontem, hoje e amanhã
12.º;Ciências Físicas e Naturais;Química;Combustíveis, energia e ambiente
12.º;Ciências Físicas e Naturais;Química;Metais e ligas metálicas
12.º;Ciências Físicas e Naturais;Química;Plásticos, vidros e novos materiais
1.º;Desporto;Educação Física;Área das atividades físicas
2.º;Desporto;Educação Física;Área das atividades físicas
3.º;Desporto;Educação Física;Área das atividades físicas
4.º;Desporto;Educação Física;Área das atividades físicas
5.º;Desporto;Educação Física;Atividades físicas desportivas
5.º;Desporto;Educação Física;Atividades rítmicas expressivas
5.º;Desporto;Educação Física;Jogos tradicionais e populares
5.º;Desporto;Educação Física;Atividades de exploração da natureza
5.º;Desporto;Educação Física;Área das atividades físicas
5.º;Desporto;Educação Física;Área de aptidão física
5.º;Desporto;Educação Física;Área dos conhecimentos
6.º;Desporto;Educação Física;Atividades físicas desportivas
6.º;Desporto;Educação Física;Atividades rítmicas expressivas
6.º;Desporto;Educação Física;Jogos tradicionais e populares
6.º;Desporto;Educação Física;Atividades de exploração da natureza
6.º;Desporto;Educação Física;Área das atividades físicas
6.º;Desporto;Educação Física;Área de aptidão física
6.º;Desporto;Educação Física;Área dos conhecimentos
7.º;Desporto;Educação Física;Atividades físicas desportivas
7.º;Desporto;Educação Física;Atividades rítmicas expressivas
7.º;Desporto;Educação Física;Jogos tradicionais e populares
7.º;Desporto;Educação Física;Atividades de exploração da natureza
7.º;Desporto;Educação Física;Área das atividades físicas
7.º;Desporto;Educação Física;Área de aptidão física
7.º;Desporto;Educação Física;Área dos conhecimentos
8.º;Desporto;Educação Física;Atividades físicas desportivas
8.º;Desporto;Educação Física;Atividades rítmicas expressivas
8.º;Desporto;Educação Física;Jogos tradicionais e populares
8.º;Desporto;Educação Física;Atividades de exploração da natureza
8.º;Desporto;Educação Física;Área das atividades físicas
8.º;Desporto;Educação Física;Área de aptidão física
8.º;Desporto;Educação Física;Área dos conhecimentos
9.º;Desporto;Educação Física;Atividades físicas desportivas
9.º;Desporto;Educação Física;Atividades rítmicas expressivas
9.º;Desporto;Educação Física;Jogos tradicionais e populares
9.º;Desporto;Educação Física;Atividades de exploração da natureza
9.º;Desporto;Educação Física;Área das atividades físicas
9.º;Desporto;Educação Física;Área de aptidão física
9.º;Desporto;Educação Física;Área dos conhecimentos
10.º;Desporto;Educação Física;Atividades físicas desportivas
10.º;Desporto;Educação Física;Atividades rítmicas expressivas
10.º;Desporto;Educação Física;Jogos tradicionais e populares
10.º;Desporto;Educação Física;Atividades de exploração da natureza
10.º;Desporto;Educação Física;Área das atividades físicas
10.º;Desporto;Educação Física;Área de aptidão física
10.º;Desporto;Educação Física;Área dos conhecimentos
11.º;Desporto;Educação Física;Atividades físicas desportivas
11.º;Desporto;Educação Física;Atividades rítmicas expressivas
11.º;Desporto;Educação Física;Jogos tradicionais e populares
11.º;Desporto;Educação Física;Atividades de exploração da natureza
11.º;Desporto;Educação Física;Área das atividades físicas
11.º;Desporto;Educação Física;Área de aptidão física
11.º;Desporto;Educação Física;Área dos conhecimentos
12.º;Desporto;Educação Física;Atividades físicas desportivas
12.º;Desporto;Educação Física;Atividades rítmicas expressivas
12.º;Desporto;Educação Física;Jogos tradicionais e populares
12.º;Desporto;Educação Física;Atividades de exploração da natureza
12.º;Desporto;Educação Física;Área das atividades físicas
12.º;Desporto;Educação Física;Área de aptidão física
12.º;Desporto;Educação Física;Área dos conhecimentos
12.º;Línguas e Literaturas;Literaturas de Língua Portuguesa;Leitura literária
12.º;Línguas e Literaturas;Literaturas de Língua Portuguesa;Escrita
12.º;Línguas e Literaturas;Literaturas de Língua Portuguesa;Oralidade
7.º;Línguas e Literaturas;Alemão;Compreensão oral e audiovisual
7.º;Línguas e Literaturas;Alemão;Compreensão escrita
7.º;Línguas e Literaturas;Alemão;Interação oral
7.º;Línguas e Literaturas;Alemão;Interação escrita
7.º;Línguas e Literaturas;Alemão;Produção oral
7.º;Línguas e Literaturas;Alemão;Produção escrita
8.º;Línguas e Literaturas;Alemão;Compreensão oral e audiovisual
8.º;Línguas e Literaturas;Alemão;Compreensão escrita
8.º;Línguas e Literaturas;Alemão;Interação oral
8.º;Línguas e Literaturas;Alemão;Interação escrita
8.º;Línguas e Literaturas;Alemão;Produção oral
8.º;Línguas e Literaturas;Alemão;Produção escrita
9.º;Línguas e Literaturas;Alemão;Compreensão oral e audiovisual
9.º;Línguas e Literaturas;Alemão;Compreensão escrita
9.º;Línguas e Literaturas;Alemão;Interação oral
9.º;Línguas e Literaturas;Alemão;Interação escrita
9.º;Línguas e Literaturas;Alemão;Produção oral
9.º;Línguas e Literaturas;Alemão;Produção escrita
10.º;Línguas e Literaturas;Alemão - iniciação;Compreensão oral e audiovisual
10.º;Línguas e Literaturas;Alemão - iniciação;Compreensão escrita
10.º;Línguas e Literaturas;Alemão - iniciação;Interação oral
10.º;Línguas e Literaturas;Alemão - iniciação;Interação escrita
10.º;Línguas e Literaturas;Alemão - iniciação;Produção oral
10.º;Línguas e Literaturas;Alemão - iniciação;Produção escrita
10.º;Línguas e Literaturas;Alemão - iniciação;Compreensão oral e audiovisual
10.º;Línguas e Literaturas;Alemão - iniciação;Compreensão escrita
10.º;Línguas e Literaturas;Alemão - iniciação;Interação oral
10.º;Línguas e Literaturas;Alemão - iniciação;Interação escrita
10.º;Línguas e Literaturas;Alemão - iniciação;Produção oral
10.º;Línguas e Literaturas;Alemão - iniciação;Produção escrita
11.º;Línguas e Literaturas;Alemão - iniciação;Compreensão oral e audiovisual
11.º;Línguas e Literaturas;Alemão - iniciação;Compreensão escrita
11.º;Línguas e Literaturas;Alemão - iniciação;Interação oral
11.º;Línguas e Literaturas;Alemão - iniciação;Interação escrita
11.º;Línguas e Literaturas;Alemão - iniciação;Produção oral
11.º;Línguas e Literaturas;Alemão - iniciação;Produção escrita
11.º;Línguas e Literaturas;Alemão - iniciação;Compreensão oral e audiovisual
11.º;Línguas e Literaturas;Alemão - iniciação;Compreensão escrita
11.º;Línguas e Literaturas;Alemão - iniciação;Interação oral
11.º;Línguas e Literaturas;Alemão - iniciação;Interação escrita
11.º;Línguas e Literaturas;Alemão - iniciação;Produção oral
11.º;Línguas e Literaturas;Alemão - iniciação;Produção escrita
12.º;Línguas e Literaturas;Clássicos da Literatura;Leitura literária
12.º;Línguas e Literaturas;Clássicos da Literatura;Escrita
12.º;Línguas e Literaturas;Clássicos da Literatura;Oralidade
7.º;Línguas e Literaturas;Espanhol;Compreensão auditiva e audiovisual
7.º;Línguas e Literaturas;Espanhol;Compreensão escrita
7.º;Línguas e Literaturas;Espanhol;Interação oral
7.º;Línguas e Literaturas;Espanhol;Produção oral
7.º;Línguas e Literaturas;Espanhol;Interação escrita
7.º;Línguas e Literaturas;Espanhol;Produção escrita
8.º;Línguas e Literaturas;Espanhol;Compreensão auditiva e audiovisual
8.º;Línguas e Literaturas;Espanhol;Compreensão escrita
8.º;Línguas e Literaturas;Espanhol;Interação oral
8.º;Línguas e Literaturas;Espanhol;Produção oral
8.º;Línguas e Literaturas;Espanhol;Interação escrita
8.º;Línguas e Literaturas;Espanhol;Produção escrita
9.º;Línguas e Literaturas;Espanhol;Compreensão auditiva e audiovisual
9.º;Línguas e Literaturas;Espanhol;Compreensão escrita
9.º;Línguas e Literaturas;Espanhol;Interação oral
9.º;Línguas e Literaturas;Espanhol;Produção oral
9.º;Línguas e Literaturas;Espanhol;Interação escrita
9.º;Línguas e Literaturas;Espanhol;Produção escrita
10.º;Línguas e Literaturas;Espanhol - continuação;Compreensão auditiva e audiovisual
10.º;Línguas e Literaturas;Espanhol - continuação;Compreensão escrita
10.º;Línguas e Literaturas;Espanhol - continuação;Interação oral
10.º;Línguas e Literaturas;Espanhol - continuação;Produção oral
10.º;Línguas e Literaturas;Espanhol - continuação;Interação escrita
10.º;Línguas e Literaturas;Espanhol - continuação;Produção escrita
11.º;Línguas e Literaturas;Espanhol - continuação;Compreensão auditiva e audiovisual
11.º;Línguas e Literaturas;Espanhol - continuação;Compreensão escrita
11.º;Línguas e Literaturas;Espanhol - continuação;Interação oral
11.º;Línguas e Literaturas;Espanhol - continuação;Produção oral
11.º;Línguas e Literaturas;Espanhol - continuação;Interação escrita
11.º;Línguas e Literaturas;Espanhol - continuação;Produção escrita
10.º;Línguas e Literaturas;Espanhol - iniciação;Compreensão auditiva e audiovisual
10.º;Línguas e Literaturas;Espanhol - iniciação;Compreensão escrita
10.º;Línguas e Literaturas;Espanhol - iniciação;Interação oral
10.º;Línguas e Literaturas;Espanhol - iniciação;Produção oral
10.º;Línguas e Literaturas;Espanhol - iniciação;Interação escrita
10.º;Línguas e Literaturas;Espanhol - iniciação;Produção escrita
11.º;Línguas e Literaturas;Espanhol - iniciação;Compreensão auditiva e audiovisual
11.º;Línguas e Literaturas;Espanhol - iniciação;Compreensão escrita
11.º;Línguas e Literaturas;Espanhol - iniciação;Interação oral
11.º;Línguas e Literaturas;Espanhol - iniciação;Produção oral
11.º;Línguas e Literaturas;Espanhol - iniciação;Interação escrita
11.º;Línguas e Literaturas;Espanhol - iniciação;Produção escrita
7.º;Línguas e Literaturas;Francês;Compreensão oral
7.º;Línguas e Literaturas;Francês;Compreensão escrita
7.º;Línguas e Literaturas;Francês;Interação oral
7.º;Línguas e Literaturas;Francês;Interação escrita
7.º;Línguas e Literaturas;Francês;Produção oral
7.º;Línguas e Literaturas;Francês;Produção escrita
7.º;Línguas e Literaturas;Francês;A família
7.º;Línguas e Literaturas;Francês;Aspetos da cultura e da civilização francesas
7.º;Línguas e Literaturas;Francês;Caracterização
7.º;Línguas e Literaturas;Francês;Escolha da carreira
7.º;Línguas e Literaturas;Francês;Identificação pessoal
7.º;Línguas e Literaturas;Francês;Qualidade de vida
8.º;Línguas e Literaturas;Francês;Compreensão oral
8.º;Línguas e Literaturas;Francês;Compreensão escrita
8.º;Línguas e Literaturas;Francês;Interação oral
8.º;Línguas e Literaturas;Francês;Interação escrita
8.º;Línguas e Literaturas;Francês;Produção oral
8.º;Línguas e Literaturas;Francês;Produção escrita
8.º;Línguas e Literaturas;Francês;A família
8.º;Línguas e Literaturas;Francês;Aspetos da cultura e da civilização francesas
8.º;Línguas e Literaturas;Francês;Caracterização
8.º;Línguas e Literaturas;Francês;Escolha da carreira
8.º;Línguas e Literaturas;Francês;Identificação pessoal
8.º;Línguas e Literaturas;Francês;Qualidade de vida
9.º;Línguas e Literaturas;Francês;Compreensão oral
9.º;Línguas e Literaturas;Francês;Compreensão escrita
9.º;Línguas e Literaturas;Francês;Interação oral
9.º;Línguas e Literaturas;Francês;Interação escrita
9.º;Línguas e Literaturas;Francês;Produção oral
9.º;Línguas e Literaturas;Francês;Produção escrita
9.º;Línguas e Literaturas;Francês;A família
9.º;Línguas e Literaturas;Francês;Aspetos da cultura e da civilização francesas
9.º;Línguas e Literaturas;Francês;Caracterização
9.º;Línguas e Literaturas;Francês;Escolha da carreira
9.º;Línguas e Literaturas;Francês;Identificação pessoal
9.º;Línguas e Literaturas;Francês;Qualidade de vida
10.º;Línguas e Literaturas;Francês - continuação;Compreensão oral
10.º;Línguas e Literaturas;Francês - continuação;Compreensão escrita
10.º;Línguas e Literaturas;Francês - continuação;Interação oral
10.º;Línguas e Literaturas;Francês - continuação;Interação escrita
10.º;Línguas e Literaturas;Francês - continuação;Produção oral
10.º;Línguas e Literaturas;Francês - continuação;Produção escrita
10.º;Línguas e Literaturas;Francês - continuação;Mediação oral / escrita
10.º;Línguas e Literaturas;Francês - continuação;A família
10.º;Línguas e Literaturas;Francês - continuação;Aspetos da cultura e da civilização francesas
10.º;Línguas e Literaturas;Francês - continuação;Caracterização
10.º;Línguas e Literaturas;Francês - continuação;Escolha da carreira
10.º;Línguas e Literaturas;Francês - continuação;Identificação pessoal
10.º;Línguas e Literaturas;Francês - continuação;Qualidade de vida
11.º;Línguas e Literaturas;Francês - continuação;Compreensão oral
11.º;Línguas e Literaturas;Francês - continuação;Compreensão escrita
11.º;Línguas e Literaturas;Francês - continuação;Interação oral
11.º;Línguas e Literaturas;Francês - continuação;Interação escrita
11.º;Línguas e Literaturas;Francês - continuação;Produção oral
11.º;Línguas e Literaturas;Francês - continuação;Produção escrita
11.º;Línguas e Literaturas;Francês - continuação;Mediação oral / escrita
11.º;Línguas e Literaturas;Francês - continuação;A família
11.º;Línguas e Literaturas;Francês - continuação;Aspetos da cultura e da civilização francesas
11.º;Línguas e Literaturas;Francês - continuação;Caracterização
11.º;Línguas e Literaturas;Francês - continuação;Escolha da carreira
11.º;Línguas e Literaturas;Francês - continuação;Identificação pessoal
11.º;Línguas e Literaturas;Francês - continuação;Qualidade de vida
10.º;Línguas e Literaturas;Francês - iniciação;Compreensão oral
10.º;Línguas e Literaturas;Francês - iniciação;Compreensão escrita
10.º;Línguas e Literaturas;Francês - iniciação;Interação oral
10.º;Línguas e Literaturas;Francês - iniciação;Interação escrita
10.º;Línguas e Literaturas;Francês - iniciação;Produção oral
10.º;Línguas e Literaturas;Francês - iniciação;Produção escrita
10.º;Línguas e Literaturas;Francês - iniciação;A família
10.º;Línguas e Literaturas;Francês - iniciação;Aspetos da cultura e da civilização francesas
10.º;Línguas e Literaturas;Francês - iniciação;Caracterização
10.º;Línguas e Literaturas;Francês - iniciação;Escolha da carreira
10.º;Línguas e Literaturas;Francês - iniciação;Identificação pessoal
10.º;Línguas e Literaturas;Francês - iniciação;Qualidade de vida
11.º;Línguas e Literaturas;Francês - iniciação;Compreensão oral
11.º;Línguas e Literaturas;Francês - iniciação;Compreensão escrita
11.º;Línguas e Literaturas;Francês - iniciação;Interação oral
11.º;Línguas e Literaturas;Francês - iniciação;Interação escrita
11.º;Línguas e Literaturas;Francês - iniciação;Produção oral
11.º;Línguas e Literaturas;Francês - iniciação;Produção escrita
11.º;Línguas e Literaturas;Francês - iniciação;A família
11.º;Línguas e Literaturas;Francês - iniciação;Aspetos da cultura e da civilização francesas
11.º;Línguas e Literaturas;Francês - iniciação;Caracterização
11.º;Línguas e Literaturas;Francês - iniciação;Escolha da carreira
11.º;Línguas e Literaturas;Francês - iniciação;Identificação pessoal
11.º;Línguas e Literaturas;Francês - iniciação;Qualidade de vida
12.º;Línguas e Literaturas;Grego;Cultura e civilização
12.º;Línguas e Literaturas;Grego;A língua e o texto
1.º;Línguas e Literaturas;Inglês;Compreensão oral
1.º;Línguas e Literaturas;Inglês;Leitura
1.º;Línguas e Literaturas;Inglês;Interação oral
1.º;Línguas e Literaturas;Inglês;Produção oral
1.º;Línguas e Literaturas;Inglês;Produção escrita
1.º;Línguas e Literaturas;Inglês;Escrita
1.º;Línguas e Literaturas;Inglês;Léxico e gramática
2.º;Línguas e Literaturas;Inglês;Compreensão oral
2.º;Línguas e Literaturas;Inglês;Leitura
2.º;Línguas e Literaturas;Inglês;Interação oral
2.º;Línguas e Literaturas;Inglês;Produção oral
2.º;Línguas e Literaturas;Inglês;Produção escrita
2.º;Línguas e Literaturas;Inglês;Escrita
2.º;Línguas e Literaturas;Inglês;Léxico e gramática
3.º;Línguas e Literaturas;Inglês;Compreensão oral
3.º;Línguas e Literaturas;Inglês;Leitura
3.º;Línguas e Literaturas;Inglês;Interação oral
3.º;Línguas e Literaturas;Inglês;Produção oral
3.º;Línguas e Literaturas;Inglês;Produção escrita
3.º;Línguas e Literaturas;Inglês;Escrita
3.º;Línguas e Literaturas;Inglês;Léxico e gramática
4.º;Línguas e Literaturas;Inglês;Compreensão oral
4.º;Línguas e Literaturas;Inglês;Leitura
4.º;Línguas e Literaturas;Inglês;Interação oral
4.º;Línguas e Literaturas;Inglês;Produção oral
4.º;Línguas e Literaturas;Inglês;Produção escrita
4.º;Línguas e Literaturas;Inglês;Escrita
4.º;Línguas e Literaturas;Inglês;Léxico e gramática
5.º;Línguas e Literaturas;Inglês;Compreensão oral
5.º;Línguas e Literaturas;Inglês;Leitura
5.º;Línguas e Literaturas;Inglês;Interação oral
5.º;Línguas e Literaturas;Inglês;Produção oral
5.º;Línguas e Literaturas;Inglês;Produção Escrita
5.º;Línguas e Literaturas;Inglês;Escrita
5.º;Línguas e Literaturas;Inglês;Léxico e gramática
6.º;Línguas e Literaturas;Inglês;Compreensão oral
6.º;Línguas e Literaturas;Inglês;Leitura
6.º;Línguas e Literaturas;Inglês;Interação oral
6.º;Línguas e Literaturas;Inglês;Produção oral
6.º;Línguas e Literaturas;Inglês;Produção escrita
6.º;Línguas e Literaturas;Inglês;Escrita
6.º;Línguas e Literaturas;Inglês;Léxico e gramática
7.º;Línguas e Literaturas;Inglês;Compreensão oral
7.º;Línguas e Literaturas;Inglês;Leitura
7.º;Línguas e Literaturas;Inglês;Interação oral
7.º;Línguas e Literaturas;Inglês;Produção oral
7.º;Línguas e Literaturas;Inglês;Produção escrita
7.º;Línguas e Literaturas;Inglês;Escrita
7.º;Línguas e Literaturas;Inglês;Léxico e gramática
8.º;Línguas e Literaturas;Inglês;Compreensão oral
8.º;Línguas e Literaturas;Inglês;Leitura
8.º;Línguas e Literaturas;Inglês;Interação oral
8.º;Línguas e Literaturas;Inglês;Produção oral
8.º;Línguas e Literaturas;Inglês;Produção escrita
8.º;Línguas e Literaturas;Inglês;Escrita
8.º;Línguas e Literaturas;Inglês;Léxico e gramática
9.º;Línguas e Literaturas;Inglês;Compreensão oral
9.º;Línguas e Literaturas;Inglês;Leitura
9.º;Línguas e Literaturas;Inglês;Interação oral
9.º;Línguas e Literaturas;Inglês;Produção oral
9.º;Línguas e Literaturas;Inglês;Produção escrita
9.º;Línguas e Literaturas;Inglês;Escrita
9.º;Línguas e Literaturas;Inglês;Léxico e gramática
10.º;Línguas e Literaturas;Inglês - continuação;Compreensão oral
10.º;Línguas e Literaturas;Inglês - continuação;Compreensão escrita
10.º;Línguas e Literaturas;Inglês - continuação;Interação oral
10.º;Línguas e Literaturas;Inglês - continuação;Interação escrita
10.º;Línguas e Literaturas;Inglês - continuação;Produção oral
10.º;Línguas e Literaturas;Inglês - continuação;Produção escrita
11.º;Línguas e Literaturas;Inglês - continuação;Compreensão oral
11.º;Línguas e Literaturas;Inglês - continuação;Compreensão escrita
11.º;Línguas e Literaturas;Inglês - continuação;Interação oral
11.º;Línguas e Literaturas;Inglês - continuação;Interação escrita
11.º;Línguas e Literaturas;Inglês - continuação;Produção oral
11.º;Línguas e Literaturas;Inglês - continuação;Produção escrita
12.º;Línguas e Literaturas;Inglês - continuação;Compreensão oral
12.º;Línguas e Literaturas;Inglês - continuação;Compreensão escrita
12.º;Línguas e Literaturas;Inglês - continuação;Interação oral
12.º;Línguas e Literaturas;Inglês - continuação;Interação escrita
12.º;Línguas e Literaturas;Inglês - continuação;Produção oral
12.º;Línguas e Literaturas;Inglês - continuação;Produção escrita
10.º;Línguas e Literaturas;Latim A;Civilização e cultura
10.º;Línguas e Literaturas;Latim A;A língua e o texto
11.º;Línguas e Literaturas;Latim A;Civilização e cultura
11.º;Línguas e Literaturas;Latim A;A língua e o texto
12.º;Línguas e Literaturas;Latim B;Civilização e cultura
12.º;Línguas e Literaturas;Latim B;A língua e o texto
10.º;Línguas e Literaturas;Literatura Portuguesa;Leitura literária
10.º;Línguas e Literaturas;Literatura Portuguesa;Escrita
10.º;Línguas e Literaturas;Literatura Portuguesa;Oralidade
11.º;Línguas e Literaturas;Literatura Portuguesa;Leitura literária
11.º;Línguas e Literaturas;Literatura Portuguesa;Escrita
11.º;Línguas e Literaturas;Literatura Portuguesa;Oralidade
1.º;Línguas e Literaturas;Português;Iniciação à educação literária
1.º;Línguas e Literaturas;Português;Oralidade
1.º;Línguas e Literaturas;Português;Leitura - escrita
1.º;Línguas e Literaturas;Português;Gramática
1.º;Línguas e Literaturas;Português;Educação literária
2.º;Línguas e Literaturas;Português;Iniciação à educação literária
2.º;Línguas e Literaturas;Português;Oralidade
2.º;Línguas e Literaturas;Português;Leitura - escrita
2.º;Línguas e Literaturas;Português;Gramática
2.º;Línguas e Literaturas;Português;Educação literária
3.º;Línguas e Literaturas;Português;Oralidade
3.º;Línguas e Literaturas;Português;Leitura - escrita
3.º;Línguas e Literaturas;Português;Gramática
3.º;Línguas e Literaturas;Português;Educação literária
4.º;Línguas e Literaturas;Português;Oralidade
4.º;Línguas e Literaturas;Português;Leitura - escrita
4.º;Línguas e Literaturas;Português;Gramática
4.º;Línguas e Literaturas;Português;Educação literária
5.º;Línguas e Literaturas;Português;Oralidade
5.º;Línguas e Literaturas;Português;Leitura
5.º;Línguas e Literaturas;Português;Escrita
5.º;Línguas e Literaturas;Português;Gramática
5.º;Línguas e Literaturas;Português;Educação literária
6.º;Línguas e Literaturas;Português;Oralidade
6.º;Línguas e Literaturas;Português;Leitura
6.º;Línguas e Literaturas;Português;Escrita
6.º;Línguas e Literaturas;Português;Gramática
6.º;Línguas e Literaturas;Português;Educação literária
7.º;Línguas e Literaturas;Português;Oralidade
7.º;Línguas e Literaturas;Português;Leitura
7.º;Línguas e Literaturas;Português;Escrita
7.º;Línguas e Literaturas;Português;Gramática
7.º;Línguas e Literaturas;Português;Educação literária
8.º;Línguas e Literaturas;Português;Oralidade
8.º;Línguas e Literaturas;Português;Leitura
8.º;Línguas e Literaturas;Português;Escrita
8.º;Línguas e Literaturas;Português;Gramática
8.º;Línguas e Literaturas;Português;Educação literária
9.º;Línguas e Literaturas;Português;Oralidade
9.º;Línguas e Literaturas;Português;Leitura
9.º;Línguas e Literaturas;Português;Escrita
9.º;Línguas e Literaturas;Português;Gramática
9.º;Línguas e Literaturas;Português;Educação literária
10.º;Línguas e Literaturas;Português;Oralidade
10.º;Línguas e Literaturas;Português;Leitura
10.º;Línguas e Literaturas;Português;Escrita
10.º;Línguas e Literaturas;Português;Gramática
10.º;Línguas e Literaturas;Português;Educação literária
11.º;Línguas e Literaturas;Português;Oralidade
11.º;Línguas e Literaturas;Português;Leitura
11.º;Línguas e Literaturas;Português;Escrita
11.º;Línguas e Literaturas;Português;Gramática
11.º;Línguas e Literaturas;Português;Educação literária
12.º;Línguas e Literaturas;Português;Oralidade
12.º;Línguas e Literaturas;Português;Leitura
12.º;Línguas e Literaturas;Português;Escrita
12.º;Línguas e Literaturas;Português;Gramática
12.º;Línguas e Literaturas;Português;Educação literária
Nível A1;Línguas e Literaturas;Português Língua Não Materna;Compreensão oral
Nível A1;Línguas e Literaturas;Português Língua Não Materna;Produção oral
Nível A1;Línguas e Literaturas;Português Língua Não Materna;Interação oral
Nível A1;Línguas e Literaturas;Português Língua Não Materna;Leitura
Nível A1;Línguas e Literaturas;Português Língua Não Materna;Escrita
Nível A1;Línguas e Literaturas;Português Língua Não Materna;Gramática
Nível A1;Línguas e Literaturas;Português Língua Não Materna;Interação cultural
Nível A2;Línguas e Literaturas;Português Língua Não Materna;Compreensão oral
Nível A2;Línguas e Literaturas;Português Língua Não Materna;Produção oral
Nível A2;Línguas e Literaturas;Português Língua Não Materna;Interação oral
Nível A2;Línguas e Literaturas;Português Língua Não Materna;Leitura
Nível A2;Línguas e Literaturas;Português Língua Não Materna;Escrita
Nível A2;Línguas e Literaturas;Português Língua Não Materna;Gramática
Nível A2;Línguas e Literaturas;Português Língua Não Materna;Interação cultural
Nível B1;Línguas e Literaturas;Português Língua Não Materna;Compreensão oral
Nível B1;Línguas e Literaturas;Português Língua Não Materna;Produção oral
Nível B1;Línguas e Literaturas;Português Língua Não Materna;Interação oral
Nível B1;Línguas e Literaturas;Português Língua Não Materna;Leitura
Nível B1;Línguas e Literaturas;Português Língua Não Materna;Escrita
Nível B1;Línguas e Literaturas;Português Língua Não Materna;Gramática
Nível B1;Línguas e Literaturas;Português Língua Não Materna;Interação cultural
10.º;Matemática;MACS;Métodos de apoio à decisão
10.º;Matemática;MACS;Estatística
10.º;Matemática;MACS;Modelos matemáticos
11.º;Matemática;MACS;Modelos de probabilidade
11.º;Matemática;MACS;Introdução à inferência estatística
11.º;Matemática;MACS;Estatística e probabilidades
11.º;Matemática;MACS;Modelos matemáticos
1.º;Matemática;Matemática;Números e operações
1.º;Matemática;Matemática;Geometria e medida
1.º;Matemática;Matemática;Organização e tratamento de dados
2.º;Matemática;Matemática;Números e operações
2.º;Matemática;Matemática;Geometria e medida
2.º;Matemática;Matemática;Organização e tratamento de dados
3.º;Matemática;Matemática;Números e operações
3.º;Matemática;Matemática;Geometria e medida
3.º;Matemática;Matemática;Organização e tratamento de dados
4.º;Matemática;Matemática;Números e operações
4.º;Matemática;Matemática;Geometria e medida
4.º;Matemática;Matemática;Organização e tratamento de dados
5.º;Matemática;Matemática;Números e operações
5.º;Matemática;Matemática;Geometria e medida
5.º;Matemática;Matemática;Organização e tratamento de dados
5.º;Matemática;Matemática;Álgebra
6.º;Matemática;Matemática;Números e operações
6.º;Matemática;Matemática;Geometria e medida
6.º;Matemática;Matemática;Organização e tratamento de dados
6.º;Matemática;Matemática;Álgebra
7.º;Matemática;Matemática;Números e operações
7.º;Matemática;Matemática;Geometria e medida
7.º;Matemática;Matemática;Organização e tratamento de dados
7.º;Matemática;Matemática;Álgebra
7.º;Matemática;Matemática;Funções, sequências e sucessões
8.º;Matemática;Matemática;Números e operações
8.º;Matemática;Matemática;Geometria e medida
8.º;Matemática;Matemática;Organização e tratamento de dados
8.º;Matemática;Matemática;Álgebra
8.º;Matemática;Matemática;Funções, sequências e sucessões
9.º;Matemática;Matemática;Números e operações
9.º;Matemática;Matemática;Geometria e medida
9.º;Matemática;Matemática;Organização e tratamento de dados
9.º;Matemática;Matemática;Álgebra
9.º;Matemática;Matemática;Funções, sequências e sucessões
10.º;Matemática;Matemática A;Lógica e teoria dos conjuntos
10.º;Matemática;Matemática A;Álgebra
10.º;Matemática;Matemática A;Geometria analítica
10.º;Matemática;Matemática A;Funções reais de variável real
10.º;Matemática;Matemática A;Estatística
10.º;Matemática;Matemática A;Geometria
10.º;Matemática;Matemática A;Funções
11.º;Matemática;Matemática A;Trigonometria e funções trigonométricas
11.º;Matemática;Matemática A;Sucessões
11.º;Matemática;Matemática A;Geometria
11.º;Matemática;Matemática A;Funções
11.º;Matemática;Matemática A;Estatística
12.º;Matemática;Matemática A;Cálculo combinatório
12.º;Matemática;Matemática A;Probabilidades
12.º;Matemática;Matemática A;Funções reais de variável real
12.º;Matemática;Matemática A;Trigonometria e funções trigonométricas
12.º;Matemática;Matemática A;Funções exponenciais e funções logarítmicas
12.º;Matemática;Matemática A;Primitivas e cálculo integral
12.º;Matemática;Matemática A;Números complexos
12.º;Matemática;Matemática A;Probabilidades e cálculo combinatório
12.º;Matemática;Matemática A;Funções
12.º;Matemática;Matemática A;Números complexos
10.º;Matemática;Matemática B;Geometria no plano e no espaço
10.º;Matemática;Matemática B;Funções e gráficos. Generalidades. Funções polinomiais.
10.º;Matemática;Matemática B;Estatística
10.º;Matemática;Matemática B;Movimentos periódicos
10.º;Matemática;Matemática B;Geometria
10.º;Matemática;Matemática B;Funções
11.º;Matemática;Matemática B;Movimentos não lineares
11.º;Matemática;Matemática B;Modelos de probabilidades
11.º;Matemática;Matemática B;Modelos discretos
11.º;Matemática;Matemática B;Modelos contínuos não lineares
11.º;Matemática;Matemática B;Problemas de optimização
Pré-escolar;Pré-escolar;Conhecimento do Mundo;Conhecimento do Mundo
Pré-escolar;Pré-escolar;Desenvolvimento Pessoal e Social;Desenvolvimento pessoal e social
Pré-escolar;Pré-escolar;Expressão e Comunicação;Expressões
Pré-escolar;Pré-escolar;Expressão e Comunicação;Linguagem oral e abordagem à escrita
Pré-escolar;Pré-escolar;Expressão e Comunicação;Matemática (pré-escolar)
Pré-escolar;Pré-escolar;Matemática;Matemática (pré-escolar)
12.º;Tecnologia;Aplicações Informáticas B;Introdução à programação
12.º;Tecnologia;Aplicações Informáticas B;Introdução à teoria da interatividade
12.º;Tecnologia;Aplicações Informáticas B;Conceitos básicos multimédia
12.º;Tecnologia;Aplicações Informáticas B;Utilização dos sistemas multimédia
1.º;Tecnologia;Tecnologias de Informação e Comunicação;Cidadania digital
1.º;Tecnologia;Tecnologias de Informação e Comunicação;Investigar e pesquisar
1.º;Tecnologia;Tecnologias de Informação e Comunicação;Colaborar e comunicar
1.º;Tecnologia;Tecnologias de Informação e Comunicação;Criar e inovar
2.º;Tecnologia;Tecnologias de Informação e Comunicação;Cidadania digital
2.º;Tecnologia;Tecnologias de Informação e Comunicação;Investigar e pesquisar
2.º;Tecnologia;Tecnologias de Informação e Comunicação;Colaborar e comunicar
2.º;Tecnologia;Tecnologias de Informação e Comunicação;Criar e inovar
3.º;Tecnologia;Tecnologias de Informação e Comunicação;Cidadania digital
3.º;Tecnologia;Tecnologias de Informação e Comunicação;Investigar e pesquisar
3.º;Tecnologia;Tecnologias de Informação e Comunicação;Colaborar e comunicar
3.º;Tecnologia;Tecnologias de Informação e Comunicação;Criar e inovar
4.º;Tecnologia;Tecnologias de Informação e Comunicação;Cidadania digital
4.º;Tecnologia;Tecnologias de Informação e Comunicação;Investigar e pesquisar
4.º;Tecnologia;Tecnologias de Informação e Comunicação;Colaborar e comunicar
4.º;Tecnologia;Tecnologias de Informação e Comunicação;Criar e inovar
5.º;Tecnologia;Tecnologias de Informação e Comunicação;Segurança, responsabilidade e respeito em ambientes digitais
5.º;Tecnologia;Tecnologias de Informação e Comunicação;Investigar e pesquisar
5.º;Tecnologia;Tecnologias de Informação e Comunicação;Colaborar e comunicar
5.º;Tecnologia;Tecnologias de Informação e Comunicação;Criar e inovar
6.º;Tecnologia;Tecnologias de Informação e Comunicação;Segurança, responsabilidade e respeito em ambientes digitais
6.º;Tecnologia;Tecnologias de Informação e Comunicação;Investigar e pesquisar
6.º;Tecnologia;Tecnologias de Informação e Comunicação;Colaborar e comunicar
6.º;Tecnologia;Tecnologias de Informação e Comunicação;Criar e inovar
7.º;Tecnologia;Tecnologias de Informação e Comunicação;Segurança, responsabilidade e respeito em ambientes digitais
7.º;Tecnologia;Tecnologias de Informação e Comunicação;Investigar e pesquisar
7.º;Tecnologia;Tecnologias de Informação e Comunicação;Colaborar e comunicar
7.º;Tecnologia;Tecnologias de Informação e Comunicação;Criar e inovar
8.º;Tecnologia;Tecnologias de Informação e Comunicação;Segurança, responsabilidade e respeito em ambientes digitais
8.º;Tecnologia;Tecnologias de Informação e Comunicação;Investigar e pesquisar
8.º;Tecnologia;Tecnologias de Informação e Comunicação;Colaborar e comunicar
8.º;Tecnologia;Tecnologias de Informação e Comunicação;Criar e inovar
9.º;Tecnologia;Tecnologias de Informação e Comunicação;Segurança, responsabilidade e respeito em ambientes digitais
9.º;Tecnologia;Tecnologias de Informação e Comunicação;Investigar e pesquisar
9.º;Tecnologia;Tecnologias de Informação e Comunicação;Colaborar e comunicar
9.º;Tecnologia;Tecnologias de Informação e Comunicação;Criar e inovar
1.º;Tecnologia;Programação e Robótica;Robótica
2.º;Tecnologia;Programação e Robótica;Robótica
3.º;Tecnologia;Programação e Robótica;Robótica
4.º;Tecnologia;Programação e Robótica;Robótica
5.º;Tecnologia;Programação e Robótica;Robótica
6.º;Tecnologia;Programação e Robótica;Robótica
7.º;Tecnologia;Programação e Robótica;Robótica
8.º;Tecnologia;Programação e Robótica;Robótica
9.º;Tecnologia;Programação e Robótica;Robótica
10.º;Tecnologia;Programação e Robótica;Robótica
11.º;Tecnologia;Programação e Robótica;Robótica
12.º;Tecnologia;Programação e Robótica;Robótica
1.º;Tecnologia;Programação e Robótica;Programação
2.º;Tecnologia;Programação e Robótica;Programação
3.º;Tecnologia;Programação e Robótica;Programação
4.º;Tecnologia;Programação e Robótica;Programação
5.º;Tecnologia;Programação e Robótica;Programação
6.º;Tecnologia;Programação e Robótica;Programação
7.º;Tecnologia;Programação e Robótica;Programação
8.º;Tecnologia;Programação e Robótica;Programação
9.º;Tecnologia;Programação e Robótica;Programação
10.º;Tecnologia;Programação e Robótica;Programação
11.º;Tecnologia;Programação e Robótica;Programação
12.º;Tecnologia;Programação e Robótica;Programação
1.º;Tecnologia;Programação e Robótica;Pensamento Computacional
2.º;Tecnologia;Programação e Robótica;Pensamento Computacional
3.º;Tecnologia;Programação e Robótica;Pensamento Computacional
4.º;Tecnologia;Programação e Robótica;Pensamento Computacional
5.º;Tecnologia;Programação e Robótica;Pensamento Computacional
6.º;Tecnologia;Programação e Robótica;Pensamento Computacional
7.º;Tecnologia;Programação e Robótica;Pensamento Computacional
8.º;Tecnologia;Programação e Robótica;Pensamento Computacional
9.º;Tecnologia;Programação e Robótica;Pensamento Computacional
10.º;Tecnologia;Programação e Robótica;Pensamento Computacional
11.º;Tecnologia;Programação e Robótica;Pensamento Computacional
12.º;Tecnologia;Programação e Robótica;Pensamento Computacional
1.º;Tecnologia;Programação e Robótica;Mecanismos
2.º;Tecnologia;Programação e Robótica;Mecanismos
3.º;Tecnologia;Programação e Robótica;Mecanismos
4.º;Tecnologia;Programação e Robótica;Mecanismos
5.º;Tecnologia;Programação e Robótica;Mecanismos
6.º;Tecnologia;Programação e Robótica;Mecanismos
7.º;Tecnologia;Programação e Robótica;Mecanismos
8.º;Tecnologia;Programação e Robótica;Mecanismos
9.º;Tecnologia;Programação e Robótica;Mecanismos
10.º;Tecnologia;Programação e Robótica;Mecanismos
11.º;Tecnologia;Programação e Robótica;Mecanismos
12.º;Tecnologia;Programação e Robótica;Mecanismos
1.º;Tecnologia;Programação e Robótica;Eletrónica
2.º;Tecnologia;Programação e Robótica;Eletrónica
3.º;Tecnologia;Programação e Robótica;Eletrónica
4.º;Tecnologia;Programação e Robótica;Eletrónica
5.º;Tecnologia;Programação e Robótica;Eletrónica
6.º;Tecnologia;Programação e Robótica;Eletrónica
7.º;Tecnologia;Programação e Robótica;Eletrónica
8.º;Tecnologia;Programação e Robótica;Eletrónica
9.º;Tecnologia;Programação e Robótica;Eletrónica
10.º;Tecnologia;Programação e Robótica;Eletrónica
11.º;Tecnologia;Programação e Robótica;Eletrónica
12.º;Tecnologia;Programação e Robótica;Eletrónica
